Date,Market,Risk Free,Small,Big,High B/M,Low B/M,Winner,Loser
,Mkt,Rf,S,B,H,L,U,D
192607,2.84,0.22,0.76,3.25,0.99,3.9,,
192608,2.81,0.25,2.44,3.69,5.37,1.12,,
192609,0.59,0.23,-1.05,0.33,-0.46,-0.68,,
192610,-3.11,0.32,-3.47,-3.27,-3.03,-3.74,,
192611,2.75,0.31,2.82,3.16,2.7,3.09,,
192612,3.05,0.28,2.44,2.51,2.48,2.59,,
192701,0.14,0.25,1.22,1.33,4.41,-0.52,0.05,-0.19
192702,4.58,0.26,5.73,5.38,7.25,4.08,4.94,6.48
192703,0.62,0.3,-2.14,-0.27,-3,-0.08,-0.22,-3.45
192704,0.66,0.25,1.2,0.76,2.32,0.99,2.69,-1.59
192705,5.69,0.3,6.34,5.94,8.51,5.76,7.16,3.82
192706,-2.04,0.26,-1.11,-2.07,-2.37,-0.84,-2.16,-2.8
192707,7.57,0.3,4.55,7.72,5.51,6.91,7.91,3.92
192708,2.7,0.28,0.43,1.23,-0.17,3.33,1.84,0.52
192709,4.9,0.21,1.59,4.87,2.65,3.54,4.41,2.78
192710,-4.19,0.25,-2.71,-4.67,-6.06,-1.91,-4.64,-3.31
192711,6.87,0.21,9.2,6.99,8.51,8.71,7.83,8.31
192712,2.37,0.22,3.52,2.65,2.82,3.83,3.87,0.78
192801,-0.35,0.25,3.33,-1.15,0.36,1.65,0.48,0.71
192802,-1.44,0.33,-3.51,-1.61,-3.54,-2.69,-3.31,-1.96
192803,9.09,0.29,7.97,8.25,7.86,9.6,11.6,6.61
192804,4.32,0.22,8.35,4.2,6.59,3.71,3.88,7.92
192805,1.84,0.32,3.69,1.08,1.41,4.66,3.15,1.37
192806,-4.53,0.31,-8.08,-4.52,-6.37,-6.35,-5.23,-7.26
192807,1.01,0.32,-0.64,0.81,0.02,0.59,1.59,-0.83
192808,6.96,0.32,4.56,6.57,4.63,7.16,8.22,4.29
192809,3.14,0.27,5.4,3.36,5.43,4.63,6.7,2.67
192810,1.88,0.41,3.42,1.33,0.85,3.5,4.85,0.47
192811,12.13,0.38,10.66,12.22,12.29,9.55,10.93,9.58
192812,0.53,0.06,-0.51,0.42,0.12,0.47,0.09,-1.51
192901,5.21,0.34,1.54,4.23,1.56,3.54,4.39,2.23
192902,-0.02,0.36,1.48,0.17,0.97,0.14,2.42,-0.75
192903,-0.8,0.34,-4.16,-0.14,-2.57,-3.4,-2.58,-1.96
192904,1.68,0.36,1.44,1.87,1.94,0.79,2.63,0.59
192905,-5.91,0.44,-11.45,-3.92,-7.13,-8.39,-9.73,-7.14
192906,9.97,0.52,8.13,9.22,6.52,9.5,12.85,3.57
192907,4.53,0.33,0.88,4.99,4.19,2.18,4.08,0.67
192908,8.56,0.4,-0.77,8.39,2.76,2.68,7.23,1.52
192909,-5,0.35,-3.44,-5.09,-4.76,-3.79,-4.73,-6.3
192910,-19.55,0.46,-20.11,-16.06,-14.59,-23.37,-21.76,-25.8
192911,-12.33,0.37,-12.55,-11.01,-9.7,-15.06,-14.52,-13.61
192912,1.8,0.37,-2.91,1.96,-0.41,0.03,0.96,-2.95
193001,5.66,0.14,8.43,4.24,5.04,7.84,6.34,10.92
193002,2.77,0.3,2.39,2.07,2.82,2.52,3.21,2.24
193003,7.5,0.35,10.83,6.89,8.22,8.29,6.83,11.1
193004,-2.09,0.21,-4.5,-3.38,-5.76,-3.77,-1.31,-4.76
193005,-1.33,0.26,-2.93,-1.3,-2.88,-1.11,-1.53,-1.64
193006,-15.79,0.27,-17.29,-14.36,-15.42,-17.73,-15.19,-21.58
193007,3.97,0.2,5.04,4.5,3.99,6.33,2.97,5.65
193008,0.41,0.09,-2.68,-0.53,-2.38,-1.33,0.27,-3.33
193009,-12.4,0.22,-15.66,-13.57,-17.84,-13.39,-10.14,-21.88
193010,-8.7,0.09,-10.59,-9.21,-11.24,-10.42,-7.67,-14.62
193011,-2.6,0.13,-1.55,-3.82,-4.08,-1.15,-1.42,-0.23
193012,-7.84,0.14,-13.45,-8.42,-13.84,-8.79,-5.91,-19.49
193101,6.25,0.15,12.44,8.87,15.61,7.95,7.76,17.79
193102,10.94,0.04,13.53,10.54,14.73,12.11,8.72,23.21
193103,-6.4,0.13,-5.03,-7.73,-7.97,-4.71,-3.39,-12.81
193104,-9.85,0.08,-15.26,-10.48,-14.8,-10.89,-8.87,-20.33
193105,-13.29,0.09,-10.66,-16.41,-16.96,-10.65,-8.94,-18.17
193106,13.8,0.08,13.04,18.13,22.44,11.55,9.92,27.36
193107,-6.5,0.06,-7.8,-9.51,-9.84,-6.06,-3.75,-11.76
193108,0.23,0.03,-1.62,-0.5,-2.55,0.16,-2.05,1.78
193109,-29.01,0.03,-31.09,-30.43,-34.53,-28.43,-27.54,-37.46
193110,7.92,0.1,7.23,7.42,8.13,7.81,9.88,6.96
193111,-8.88,0.17,-8.07,-12.88,-12.54,-6.98,-7.25,-14.93
193112,-13.34,0.12,-17.45,-17.36,-21.74,-13,-9.87,-24.55
193201,-1.08,0.23,5.36,2.17,9.27,-1.3,-0.7,9.77
193202,5.6,0.23,2.02,3.13,0.14,5.26,6.15,4.04
193203,-10.87,0.16,-11.22,-13.3,-12.9,-11.69,-6.99,-17.74
193204,-17.92,0.11,-18.04,-19.34,-19.67,-18.94,-14.69,-21.76
193205,-20.75,0.06,-18.71,-23.95,-21.48,-18.21,-18.02,-31.07
193206,-0.51,0.02,1.65,3.55,7.04,-0.3,5.59,1.78
193207,33.75,0.03,41.88,49.12,65.28,29.34,22.33,67.18
193208,36.6,0.03,66.55,47.23,70.91,45.72,33.04,83.67
193209,-3.09,0.03,-6.86,-4.43,-8.97,-1.99,-6.15,-7.63
193210,-13.12,0.02,-19.84,-17.15,-23.39,-13.29,-13.96,-18.27
193211,-5.57,0.02,-7.62,-9.24,-14.85,-2.42,-9.8,-6.95
193212,4.58,0.01,-8.65,1.34,-7.55,-0.57,0.73,-4.28
193301,0.98,0.01,3.83,4.18,8.66,0.72,1.64,2.32
193302,-15.03,-0.03,-14.47,-13.33,-13.88,-15,-14.58,-19.06
193303,3.4,0.04,4.89,2.6,4.95,3.05,10.81,7.8
193304,38.37,0.1,51.61,47.08,57.04,38.68,40.36,55.85
193305,21.19,0.04,66.2,28.58,56.31,40.78,42.14,47.59
193306,13.44,0.02,24.63,16.39,19.32,22.29,19.41,16.29
193307,-9.61,0.02,-10.66,-10.33,-8.97,-10.22,-9.37,-9.91
193308,12.13,0.03,9.45,14.88,13.36,9.93,15.24,8.01
193309,-10.47,0.02,-13.93,-13.95,-20.95,-7.7,-13.27,-14.95
193310,-8.32,0.01,-11.42,-11.44,-15.71,-7.54,-11.65,-9.2
193311,9.99,0.02,5.35,11.6,9.05,7.88,11.02,5.01
193312,2,0.02,2.44,2.69,1.65,3.25,3.98,0.73
193401,12.98,0.05,29.48,17.29,32.01,14.99,22.72,26.2
193402,-2.33,0.02,2.21,-3.08,0.83,-1.05,-0.43,0.25
193403,0.48,0.02,2.07,-0.35,-0.58,2.34,0.43,1.5
193404,-1.79,0.01,0.18,-2.76,-3.42,1.47,-3.52,1.65
193405,-7.1,0.01,-9.79,-9.69,-13.75,-6.39,-10.67,-7.33
193406,2.52,0.01,0.15,2.7,0.4,2.75,0.11,0.36
193407,-10.82,0.01,-21.43,-15.34,-25.35,-13.42,-12.89,-21.75
193408,5.96,0.01,10.59,6.23,10.1,8.61,10.44,7.46
193409,-0.3,0.01,-2.07,-0.13,-1.84,-1.48,-0.41,-0.35
193410,-1.93,0.01,-1.96,-3.75,-5.23,-1.12,0.97,-5.62
193411,8.41,0.01,15.68,8.19,10.02,15.56,13.72,8.75
193412,0.39,0.01,2.5,-0.39,-0.5,2.58,3.67,-1.31
193501,-3.28,0.01,-4.29,-5.33,-6.92,-4.58,-2.65,-6.05
193502,-1.86,0.02,-5.2,-5.53,-9.89,-2.7,0.71,-12.85
193503,-3.7,0.01,-8.19,-4.6,-9.26,-4.33,-5.27,-7.56
193504,8.92,0.01,8.93,10.52,12.23,7.57,8.24,13.03
193505,3.48,0.01,0.1,4.09,2.47,0.68,2.45,6.37
193506,5.53,0.01,4.08,6.8,4.74,4.9,7.1,3.96
193507,7.36,0.01,12.87,10.12,15.06,9.53,9.01,13.68
193508,2.61,0.01,9.68,2.62,8.66,4.15,3.86,12.21
193509,2.59,0.01,3.18,2.32,0.55,4.79,6.77,-1.9
193510,7.13,0.01,9.11,6.85,7.2,7.44,9.32,7.04
193511,5.19,0.02,13.36,7.67,16.92,6.36,7.5,12.73
193512,4.61,0.01,6.74,5.83,5.87,5.58,7.65,4.07
193601,6.61,0.01,14.55,8.07,17.27,7.04,8.42,12.47
193602,2.57,0.01,4.87,4.13,6.36,2.51,5.28,2.67
193603,0.94,0.02,1.42,0.45,-0.49,1.73,1.78,0.37
193604,-8.05,0.02,-15.16,-8.33,-13.35,-11.16,-13.9,-6.16
193605,5.03,0.02,6.25,5.48,7.59,5.04,6.94,4.12
193606,2.6,0.03,-0.95,2.1,-0.23,0.65,1.59,1.04
193607,6.46,0.01,9.16,7.91,10.09,8.28,8.33,4.98
193608,1.08,0.02,1.95,2,3.95,0.36,1.28,0.71
193609,1.43,0.01,4.25,0.99,2.33,3.05,3.42,2.54
193610,6.91,0.02,5.65,7.91,7.14,5.3,6.85,5.43
193611,3.33,0.01,10.43,2.29,5.82,7.64,7.48,5.37
193612,0.21,0,3.71,0.52,4.94,-0.64,3.06,0.89
193701,3.25,0.01,8.42,3.81,8.86,5.27,5.43,6.94
193702,1.3,0.02,3.45,3.23,7.03,1.53,4.46,1.05
193703,-0.35,0.01,-0.84,1.47,4.05,-2.72,1.11,-1.28
193704,-7.42,0.03,-11.4,-8.01,-12.68,-7.72,-11.96,-8.47
193705,-0.86,0.06,-1.92,-1.16,-3.41,0.17,-1.52,-2.08
193706,-4.16,0.03,-8.03,-4.73,-8.54,-5.42,-5.85,-7.13
193707,8.89,0.03,10.68,8.7,10.16,10.13,10.37,10.71
193708,-4.86,0.02,-5.23,-5.3,-6.55,-4.21,-6.31,-4.76
193709,-13.54,0.04,-21.52,-14.66,-21.11,-16.54,-22.43,-15.54
193710,-9.47,0.02,-10.58,-10.9,-12.62,-10.86,-10.71,-9.44
193711,-8.37,0.02,-11.84,-8.44,-10.28,-10.47,-8.89,-9.08
193712,-4.01,0,-12.55,-4.56,-9.95,-8.62,-6.69,-10.69
193801,0.76,0,5.8,-0.11,1.87,3.84,2.41,3.23
193802,5.79,0,5.93,5.9,5.42,7.02,4.54,7.54
193803,-23.71,-0.01,-29.76,-25.86,-31.28,-26.78,-21.49,-37.56
193804,14.56,0.01,21.04,14.33,17.71,17.76,15.03,24.09
193805,-3.92,0,-6.99,-4.5,-6.18,-5.38,-3.14,-9.85
193806,23.61,0,29.77,25.91,30.31,28.21,18.13,42.38
193807,7.19,-0.01,14.5,7.74,11.63,11.07,8.45,13.73
193808,-2.72,0,-6.35,-3.98,-7.21,-3,-3.05,-6.65
193809,0.86,0.02,-2.76,0.37,-1.79,-0.93,-0.04,-2.39
193810,7.78,0.01,16,9.28,15.35,11.13,10.32,18.06
193811,-1.83,-0.06,-4.39,-2.03,-4.03,-3.22,-2.12,-5.6
193812,4.1,0,3.51,5.51,5.34,4.28,4.69,2.92
193901,-5.96,-0.01,-8.79,-7.41,-10.1,-6.57,-8.17,-5.09
193902,3.49,0.01,4.72,4.43,6.36,3.13,5.98,2.68
193903,-11.92,-0.01,-20.13,-14.74,-22.03,-14.07,-16.8,-15.33
193904,-0.23,0,0.89,-1.21,0.06,-0.25,1.89,-1.09
193905,6.87,0.01,10.94,7.12,9.63,9.95,9.86,5.89
193906,-5.28,0.01,-8.98,-7.13,-10.95,-5.91,-6.75,-8.26
193907,10.18,0,15.99,11.05,14.19,14.39,12.81,13.17
193908,-6.61,-0.01,-12.32,-7.69,-11.75,-9.32,-7.31,-12.96
193909,15.96,0.01,41.21,23.45,45.94,23.52,16.63,47.19
193910,-0.38,0,-1.46,-1.6,-4.05,0.33,2.25,-4.31
193911,-3.68,0,-9.49,-5.34,-11.29,-4.82,-6.22,-6.16
193912,3.03,0,3.25,2.41,0.93,5.19,4.89,-0.25
194001,-2.4,0,-2.53,-3.18,-3.41,-2.83,-1.3,-2.86
194002,1.37,0,3.73,1.39,2.14,2.84,2.86,1.12
194003,1.89,0,3.97,2.06,2.63,4.12,2.2,2.37
194004,0.12,0,3.71,0.25,2.28,2.34,2.93,-0.42
194005,-22.03,-0.02,-28.55,-22.42,-28.04,-24.31,-24.63,-27.64
194006,6.67,0,5.9,7.87,9.04,4.96,4.58,6.94
194007,3.22,0.01,3.97,3.45,3.42,3.97,4.22,3.62
194008,2.4,-0.01,2.8,2.34,2.73,2.48,1.9,3.77
194009,2.3,0,5.35,1.9,3.01,5.07,3.42,3.72
194010,2.97,0,4.65,5.28,7.22,1.54,2.34,8.3
194011,-1.63,0,0.7,-1.42,-0.26,-0.76,0.51,-1.07
194012,0.68,0,-1.6,0.89,-1.25,-0.04,1.22,-2.1
194101,-4.05,-0.01,-2.51,-3.5,-1.06,-4.72,-4.26,0.57
194102,-1.48,-0.01,-2.72,-1.08,-1.72,-2.45,-1.7,-2.53
194103,0.96,0.01,1.87,1.57,3.61,0.2,2.13,0.03
194104,-5.31,-0.01,-5.87,-4.05,-3.29,-6.77,-4.56,-7.56
194105,1.39,0,1.13,2.15,1.81,1,2.26,-0.49
194106,5.87,0,6.39,4.99,5.9,5.41,6.07,6.74
194107,5.95,0.03,13.25,7.4,14.27,7.36,10.13,12.56
194108,-0.05,0.01,-0.99,-0.59,-1.12,-0.11,-0.52,-0.79
194109,-0.75,0.01,-2.71,-1.2,-2.06,-2.14,-2.14,-0.5
194110,-5.18,0,-6.06,-3.66,-4.08,-5.82,-2.18,-7.51
194111,-1.94,0,-2.26,-1.43,-2.25,-1.24,0.01,-3.91
194112,-4.67,0.01,-9.25,-6.04,-10.75,-5.76,-8.31,-8.65
194201,0.72,0.02,10.81,3.2,12.52,2.58,5.43,9.16
194202,-2.41,0.01,-0.84,-2.36,-1.77,-0.73,-2.27,-1.41
194203,-6.57,0.01,-4.16,-6.46,-5.88,-4.63,-5.5,-4.9
194204,-4.31,0.01,-4.58,-3.88,-3.54,-5.59,-4.91,-4.36
194205,6.1,0.03,1.04,4.31,0.78,3.7,0.72,5.54
194206,2.55,0.02,1.65,2.62,2.23,2.13,1.4,2.92
194207,3.49,0.03,4.57,4.89,6.16,3.69,4.24,3.38
194208,1.87,0.03,2.38,2.89,3.48,1.78,2.34,2.47
194209,2.63,0.03,3.59,3.25,5.54,1.84,3.62,3.71
194210,6.77,0.03,9.97,8.55,13.19,6.54,7.54,11.18
194211,0.25,0.03,-2.29,-1.54,-5.01,0.18,-1.38,-0.31
194212,5.04,0.03,3.21,5.22,4.32,3.44,5.43,2.11
194301,7.33,0.03,16.05,8.05,16.38,8.94,12.59,12.94
194302,5.99,0.03,12.46,8.09,14.37,8.19,8.07,9.96
194303,6.21,0.03,12.35,7.5,12.75,7.25,12.43,7.95
194304,0.69,0.03,3.37,1.58,6.02,-0.62,6.52,0.05
194305,5.72,0.03,10,5.93,9.49,6.57,10.91,5.61
194306,1.69,0.03,0.42,1.12,0.1,0.87,0.35,1.77
194307,-4.62,0.03,-7.25,-4.59,-7.4,-4.87,-8.93,-4.28
194308,1.3,0.03,0.29,1.09,0.21,1.02,0.57,0.05
194309,2.45,0.03,3.93,2.56,4.18,2.92,3.96,2.03
194310,-1.22,0.03,0.12,-0.71,0.48,-0.87,-0.1,0.03
194311,-5.85,0.03,-8.36,-6.9,-10.19,-5.51,-11.22,-6.45
194312,6.36,0.03,9.94,6.65,9.59,6.54,13.22,7.02
194401,1.81,0.03,4.63,2.51,5.12,2.95,3.75,3.09
194402,0.37,0.03,1.31,1.16,2.13,0.64,0.91,0.51
194403,2.44,0.02,4.46,2.61,5.03,2.2,5.55,2.75
194404,-1.63,0.03,-2.76,-1.63,-2.51,-1.8,-2.24,-2.72
194405,5.1,0.03,6.62,5.25,6.54,5.33,6.93,4.9
194406,5.62,0.03,9.84,5.87,9.33,7.09,6.39,11.51
194407,-1.52,0.03,-0.55,-1.31,-1.04,-0.38,-1.22,-1.34
194408,1.59,0.03,3.36,1.2,1.46,2.94,5.6,0.98
194409,0.02,0.02,0.51,0.03,-0.15,1.05,-0.87,0.53
194410,0.25,0.03,0.11,0.33,-0.12,0.06,-1.03,0.3
194411,1.65,0.03,2.47,1.98,2.84,1.18,3.03,1.56
194412,4.12,0.02,7.54,6.03,10.63,4.16,8.83,5.56
194501,1.92,0.03,4.98,1.98,3.64,3.03,3.46,3.41
194502,6.43,0.02,8.72,7.19,10.27,5.93,9.8,6.81
194503,-3.87,0.02,-5.85,-3.87,-5.43,-4.02,-6.4,-3.35
194504,7.75,0.03,8.94,8.49,10.59,7.18,11.29,7.04
194505,1.86,0.03,2.9,1.63,3.36,2.35,2.58,2.55
194506,0.34,0.02,4.16,1.17,5.38,1.09,5.53,1.5
194507,-2.21,0.03,-4.22,-2.57,-4.89,-2.41,-4.85,-2.43
194508,6.11,0.03,6.73,5.11,3.83,7.98,4.5,6.43
194509,4.81,0.03,6.77,4.86,6.32,5.9,6.61,5.26
194510,3.9,0.03,6.8,4.26,6.21,4.47,5.53,5.45
194511,5.45,0.02,10.03,6.01,10.38,6,10.76,6.52
194512,1.18,0.03,3.28,0.63,0.77,2.72,3.53,2.11
194601,6.33,0.03,10.12,6.23,9.68,8,10.18,6.11
194602,-5.79,0.03,-6.81,-6,-7.35,-6.11,-7.17,-5.38
194603,5.87,0.03,6.2,5.85,5.49,6.23,7.46,5
194604,4.29,0.03,6.07,3.74,4.24,4.44,6.29,3.73
194605,3.99,0.03,5.74,4.43,6.58,4.68,4.25,4.85
194606,-3.91,0.03,-5.21,-3.77,-4.83,-4.73,-5.59,-3.25
194607,-2.55,0.03,-4.46,-2.45,-3.69,-3.75,-3.58,-3.49
194608,-6.39,0.03,-8.04,-6.31,-7.02,-7.31,-7.6,-7.45
194609,-10.02,0.03,-14.38,-9.85,-13.81,-11.52,-12.35,-13.45
194610,-1.42,0.03,-1.26,-1.27,0.47,-2.99,-1.24,-1.93
194611,0.12,0.03,-0.29,0.06,0.56,-0.91,-0.99,-1.08
194612,5.09,0.03,4.9,4.81,4.39,5.37,5.26,5.02
194701,1.51,0.03,3.18,1.47,2.54,3.38,0.62,6.79
194702,-1.16,0.03,-0.59,-1.12,-1,-0.81,-0.81,-0.24
194703,-1.71,0.03,-3.01,-1.42,-1.83,-2.46,-0.92,-4.98
194704,-4.79,0.03,-8.41,-4.29,-6.27,-6.78,-5.32,-10.13
194705,-1,0.03,-4.32,-1,-3,-2.82,-1.74,-5.05
194706,5.37,0.03,4.82,5.11,4.81,5.05,3.94,5.72
194707,4.12,0.03,6.43,4.78,7.38,4.38,4.55,7.72
194708,-1.75,0.03,-1.54,-1.84,-1.74,-1.85,-0.25,-3.76
194709,-0.44,0.06,1.08,-0.48,1.29,-0.2,0.43,0.48
194710,2.46,0.06,3.24,2.73,3.11,2.78,3.68,2.32
194711,-1.83,0.06,-3.44,-1.74,-2.15,-3.32,-0.94,-5.31
194712,3.02,0.08,1.58,3.86,4.55,1.06,3.97,0.4
194801,-3.73,0.07,-1.61,-3.79,-1.86,-2.91,-4.28,-0.11
194802,-4.34,0.07,-6.11,-4.37,-5.33,-5.34,-5.21,-6.73
194803,8.28,0.09,9.01,8.94,11.62,7.2,9.54,9.72
194804,3.78,0.08,3.14,4.52,5.92,1.93,5.66,1.59
194805,7.46,0.08,8.4,7.56,7.7,8.55,9.2,6.83
194806,-0.02,0.09,-1.11,0.51,1.19,-1.44,1.83,-2.16
194807,-5.04,0.08,-5.21,-4.89,-4.89,-4.82,-5.92,-4.39
194808,0.39,0.09,-0.71,0.37,0.07,-0.19,0.09,-0.16
194809,-2.95,0.04,-4.21,-2.93,-4.51,-2.86,-4.75,-3.49
194810,6.01,0.04,4.67,6.09,5.75,5.09,6.97,4.21
194811,-9.06,0.04,-10.7,-9.95,-13.11,-8.59,-10.76,-11.57
194812,3.22,0.04,0.62,3.15,1.4,2.88,4.19,-0.44
194901,0.3,0.1,1.82,0.34,2.1,0.69,0.13,3.05
194902,-2.95,0.09,-4.97,-2.98,-4.77,-3.97,-4.54,-4.08
194903,4.15,0.1,6.57,4.04,6.33,5.16,5.56,6.42
194904,-1.79,0.09,-2.79,-1.91,-3.04,-1.99,-1.44,-4.48
194905,-2.74,0.1,-4.17,-3.36,-5.23,-2.69,-2.58,-5.75
194906,0.31,0.1,-1.22,-0.15,-1.63,-0.05,-0.56,0.63
194907,5.58,0.09,6.55,5.87,6.22,5.91,5.39,6.94
194908,2.66,0.09,2.81,2.84,2.47,2.87,3.51,1.84
194909,3.18,0.09,4.65,3.44,4.2,4.04,4.05,5.51
194910,3.12,0.09,4.26,3.22,3.83,4.14,3.45,3.52
194911,1.88,0.08,0.68,1.67,1.21,1.73,2.04,0.75
194912,5.21,0.09,7.34,5.36,7.68,6.09,6.88,7.65
195001,1.73,0.09,5.63,1.95,4.16,3.98,2.82,5.12
195002,1.46,0.09,1.23,1.29,0.61,1.52,2.39,1.04
195003,1.22,0.1,-0.11,1.06,-0.66,2.09,1.35,-0.19
195004,4.03,0.09,6.2,4.27,6.51,5,5.32,4.94
195005,4.37,0.1,2.41,4.44,3.5,3.02,4.11,3.74
195006,-5.79,0.1,-7.89,-5.37,-6.98,-6.15,-7.59,-5.92
195007,1.61,0.1,5.35,4.76,12.16,-0.95,2.91,3.33
195008,5.07,0.1,5.15,4.26,4.11,5.19,7.22,4.02
195009,4.88,0.1,5.16,4.67,4.8,5.6,5.38,5.45
195010,-0.11,0.12,0.11,0.43,1.09,0.18,0.6,-0.82
195011,2.85,0.11,2.42,3.3,4.67,1.1,4.11,0.44
195012,5.77,0.11,8.28,6.76,11.26,4.28,9.21,4.31
195101,5.82,0.13,8.21,6.44,9.87,5.78,8.28,6.27
195102,1.44,0.1,0.95,0.92,-0.82,2.08,0.73,2.4
195103,-2.09,0.11,-3.28,-2.75,-5.19,-0.96,-4.38,-1.39
195104,4.96,0.13,3.98,5.58,6.54,3.06,7.23,1.2
195105,-2.26,0.12,-2.6,-2.55,-3.36,-2.22,-2.91,-2.03
195106,-2.53,0.12,-5.31,-3.38,-7.09,-3.12,-4.88,-2.46
195107,7.12,0.13,5.71,7.69,8.15,6,10.65,3.36
195108,4.51,0.13,5.33,4.47,4.81,4.88,5.28,4.39
195109,0.92,0.12,2.78,0.78,2.18,1.54,1.67,1.18
195110,-2.24,0.16,-2.33,-2.03,-2.53,-2.86,-2.42,-2.1
195111,0.59,0.11,0.4,0.7,0.54,0.45,0.88,0.21
195112,3.49,0.12,0.96,3.13,1.05,2.79,3.04,1.32
195201,1.69,0.15,1.64,2.23,2.58,1.02,2.79,1.38
195202,-2.5,0.12,-2,-2.75,-2.8,-1.98,-3.18,-2.43
195203,4.56,0.11,2.27,5.22,5.04,2.74,4.57,2.94
195204,-4.89,0.12,-4.52,-4.96,-4.75,-4.62,-6.08,-3.99
195205,3.29,0.13,2.39,3.35,3.03,3.17,3.12,2.62
195206,3.93,0.15,2.62,4.25,4.1,2.69,3.91,2.4
195207,1.15,0.15,0.96,1.24,0.81,1.28,0.77,1.28
195208,-0.66,0.15,0.39,-0.76,-0.31,-0.34,-0.01,-0.32
195209,-1.9,0.16,-1.01,-2.09,-2.36,-0.86,-1.14,-2.91
195210,-0.55,0.14,-1.38,-0.36,-1.15,-0.71,0.34,-2.42
195211,5.88,0.1,5.72,6.38,6.82,5.87,6.44,5.98
195212,3.12,0.16,1.87,3.33,2.81,2.64,3.27,1.75
195301,-0.13,0.16,3.77,0.13,2.63,1.52,1.75,1.05
195302,-0.17,0.14,1.76,-0.38,0.53,0.54,1.34,0.48
195303,-1.34,0.18,-1.8,-1.65,-2.37,-1.56,-1.62,-1.73
195304,-2.75,0.16,-2.22,-2.45,-1.54,-3.05,-1.71,-3.58
195305,0.71,0.17,0.78,0.83,1.05,0.76,1.21,0.27
195306,-1.67,0.18,-3.54,-1.61,-2.92,-2.48,-2.66,-2.63
195307,2.53,0.15,1.26,2.33,1.71,1.87,1.98,2.23
195308,-4.41,0.17,-5,-5.3,-7.17,-3.7,-4.18,-6.37
195309,0.31,0.16,-1.15,-0.21,-2.08,0.4,0.9,-1.99
195310,4.71,0.13,3.49,4.66,3.93,4.31,4.33,4.04
195311,2.83,0.08,1.53,2.9,2.12,2.31,3.26,1.36
195312,0.08,0.13,-1.37,-0.43,-2.53,0.24,1.16,-4.03
195401,5.25,0.11,6.62,5.94,8.12,4.57,3.83,9.58
195402,1.75,0.07,1.37,1.61,1.09,1.6,1.93,0.91
195403,3.73,0.08,2.59,3.19,1.99,3.33,4.51,2.36
195404,4.29,0.09,0.74,4.22,2.08,2.48,4.12,-0.83
195405,3.16,0.05,4.47,4.04,5.9,3.44,3.77,5.72
195406,1.15,0.06,1.19,0.82,1.14,1.1,2.23,-1.25
195407,5.04,0.05,7.15,6.17,9.05,4.8,6.29,5.63
195408,-2.25,0.05,-0.3,-2.97,-3,-1.39,-1.75,-0.96
195409,6.43,0.09,4.13,6.46,5.55,5.13,6.52,4.81
195410,-1.62,0.07,-0.38,-0.91,-0.22,-0.89,-0.32,-1.28
195411,9.53,0.06,8.57,11.15,12.48,8.48,10.01,8.11
195412,5.53,0.08,9.54,7.32,11.61,5.99,7.13,8.48
195501,0.7,0.08,1.64,1.35,2.89,0.91,1.77,0.44
195502,3.13,0.09,4.58,3.16,3.99,3.28,4.41,3.31
195503,-0.11,0.1,0.04,0.57,1.53,-0.41,0.91,-0.15
195504,3.23,0.1,1.57,3.36,3.37,2.5,1.81,1.9
195505,1.19,0.14,0.47,0.77,0.27,1.07,1.11,0.52
195506,6.58,0.1,2.93,7.43,6.1,4.46,7.15,2.46
195507,2.03,0.1,0.19,1.38,0.78,0.45,-0.44,0.81
195508,0.43,0.16,0.21,0.79,0.95,0.18,1.28,-0.51
195509,-0.2,0.16,-0.51,-0.85,-1.24,-0.44,1.08,-0.71
195510,-2.57,0.18,-1.13,-2.61,-2.2,-1.98,-2.38,-1.87
195511,7.16,0.17,5.38,7.65,7.61,7.14,7.67,4.96
195512,1.64,0.18,2.7,0.6,0.33,2.5,2.15,3.44
195601,-2.8,0.22,-2.1,-2.48,-2.14,-2.91,-3.11,-1.59
195602,3.95,0.19,2.79,3.7,3.06,3.34,4.44,2.46
195603,6.82,0.15,4.3,6.28,5.26,5.88,7.09,3.42
195604,0.51,0.19,0.68,0.79,0.65,0.6,1.57,-0.96
195605,-4.92,0.23,-4.08,-5.49,-5.73,-4.39,-5.11,-3.43
195606,3.72,0.2,1.76,3.01,1.51,2.8,4.19,1.42
195607,5.08,0.22,3.15,5.22,4.19,3.72,5.26,2.78
195608,-3.03,0.17,-0.83,-3.06,-2.66,-1.27,-2.63,-2.14
195609,-4.97,0.18,-2.87,-4.55,-2.91,-4.66,-4.64,-3.93
195610,0.72,0.25,0.79,0.97,0.8,0.93,1.94,-0.51
195611,0.46,0.2,1.3,1.25,1.88,0.19,2.41,-1.02
195612,3.49,0.24,2.24,2.5,1.26,3.34,5.19,1.36
195701,-3.21,0.27,0.74,-3,0.15,-2.18,-2.64,0.47
195702,-1.87,0.24,-2.96,-2.15,-2.85,-2.35,-2.59,-2.9
195703,2.41,0.23,2.3,2.09,2.06,2.36,1.93,2.13
195704,4.51,0.25,2.15,3.97,2.33,3.62,3.85,2.91
195705,3.66,0.26,1.98,3.09,1.68,3.74,3.1,2.61
195706,-0.51,0.24,-0.25,-0.56,0.1,-0.06,-0.22,-1.01
195707,0.89,0.3,0.47,0.82,0.55,0.66,0.49,0.36
195708,-5,0.25,-4.74,-4.91,-5.47,-5.27,-5.58,-5.97
195709,-5.76,0.26,-5.63,-5.74,-5.75,-6.74,-5.63,-6.23
195710,-4.11,0.29,-7.44,-4.87,-7.94,-5.95,-5.49,-7.31
195711,2.55,0.28,1.9,1.47,0.2,3.12,3.25,1.97
195712,-3.74,0.24,-4.85,-4.05,-5.64,-4.07,-1.65,-9.42
195801,4.99,0.28,11.24,7.08,11.78,7.49,5.02,12.66
195802,-1.41,0.12,-0.79,-1.56,-1.44,-1.59,0.42,-3.34
195803,3.38,0.09,4.22,3.32,3.29,4.53,4.06,6
195804,3.08,0.08,2.94,3.78,4.88,3.19,3.62,1.77
195805,2.46,0.11,4.88,2.81,4.03,4.2,2.78,4.64
195806,2.95,0.03,2.75,2.97,3,2.6,2.75,3.62
195807,4.49,0.07,5.75,5.36,7.42,4.21,2.7,6.29
195808,1.91,0.04,3.52,2.29,3.31,2.97,2.74,2.53
195809,4.86,0.19,5.79,5.88,8.27,5.02,4.68,5.81
195810,2.75,0.18,4.26,2.9,3.13,5,5.26,2.08
195811,3.05,0.11,5.25,3.27,4.16,5.35,4.63,3.05
195812,5.29,0.22,3.19,5.25,3.62,3.81,4.28,5.02
195901,0.92,0.21,5.12,2.02,4.84,1.94,2.49,2.71
195902,1.13,0.19,3.02,1.47,2.51,1.71,3.89,0.5
195903,0.45,0.22,1.78,0.32,1.06,1.3,1.03,0.9
195904,3.79,0.2,3.09,3.69,3.05,4.35,5.09,1.95
195905,1.95,0.22,0.33,2.3,2.66,0.76,2.3,0.8
195906,0.06,0.25,1.37,0.7,1.95,0.76,1.89,-1.03
195907,3.42,0.25,2.75,3.11,3.26,3.04,2.83,3.15
195908,-1.24,0.19,-1.89,-0.94,-1.43,-1.66,-2.52,-1.56
195909,-4.49,0.31,-4.66,-4.57,-4.7,-5.18,-4.48,-5.3
195910,1.57,0.3,2.59,1.14,0.65,2.73,4.17,0.68
195911,1.85,0.26,2.18,0.86,0.16,3.5,2.86,0.56
195912,2.8,0.34,2.68,3.25,3.16,3.22,2.96,2.01
196001,-6.64,0.33,-3.97,-6.07,-4.33,-6.92,-6.99,-3.57
196002,1.42,0.29,1.49,0.74,-0.43,1.74,2.62,-1.28
196003,-1.28,0.35,-3,-2.28,-4.35,-1.73,-1.33,-2.81
196004,-1.53,0.19,-1.77,-2.03,-3.04,-0.85,-0.57,-3.41
196005,3.4,0.27,3.16,1.8,1.04,4.89,5.13,0.33
196006,2.3,0.24,2.15,2.36,2.16,2.5,2.54,1.58
196007,-2.27,0.13,-1.99,-1.64,-1.31,-3.2,-2.41,-1.6
196008,3.23,0.17,3.21,3,3.32,2.43,4.9,3.04
196009,-5.86,0.16,-6.5,-5.47,-5.76,-7.13,-5.93,-6.23
196010,-0.48,0.22,-3.67,0.02,-0.84,-3.15,-1.66,-2.92
196011,4.85,0.13,5.01,4.51,3.5,6.57,6.93,3.27
196012,4.85,0.16,3.45,4.81,3.12,3.94,5.08,3.62
196101,6.39,0.19,8.31,7.58,9.9,6.19,5.57,9.59
196102,3.7,0.14,6.98,3.24,4.98,5.75,6.37,5.35
196103,3.06,0.2,6.35,2.72,4,5.29,6.51,2.45
196104,0.57,0.17,1.1,1.11,2.36,0.41,2.01,-1.47
196105,2.58,0.18,4.53,2.48,3.77,3.35,2.9,4.46
196106,-2.85,0.2,-5.36,-2.84,-4.32,-4.1,-4.04,-4.3
196107,2.99,0.18,0.78,2.59,1.18,1.55,2.13,1.88
196108,2.69,0.14,0.69,2.51,1.73,1.92,2.82,1.21
196109,-2,0.17,-3.83,-2.6,-3.51,-3.01,-2.27,-3.02
196110,2.74,0.19,1.25,3.12,1.64,1.26,3.78,0.59
196111,4.54,0.15,5.47,4.39,4.38,5.38,5.46,4.14
196112,0.07,0.19,-0.51,0.6,1.16,-1.24,-1.57,0.68
196201,-3.62,0.24,-0.26,-2.14,1.41,-3.73,-3.38,-1.33
196202,1.95,0.2,0.88,2.2,2.05,0.96,0.36,1.32
196203,-0.47,0.2,-0.76,-0.93,-1.41,-0.59,0.13,-1.7
196204,-6.35,0.22,-7.18,-6.11,-6.48,-7.19,-6.01,-8.89
196205,-8.47,0.24,-10.36,-7.3,-7.78,-10.33,-9.35,-9.69
196206,-8.26,0.2,-8.44,-7.51,-6.79,-9.92,-6.06,-12.47
196207,6.55,0.27,7.18,5.62,4.99,8.67,6.59,5.86
196208,2.34,0.23,3.47,2.27,2.48,3.62,2.77,3.36
196209,-5.02,0.21,-7.19,-4.65,-5.33,-6.64,-4.13,-8.09
196210,0.22,0.26,-3.44,0.54,-0.81,-2.21,-1.37,-2.09
196211,11.01,0.2,14.14,11.67,14.03,13.08,10.1,17.25
196212,1.19,0.23,-2.45,1.43,-0.81,-1.08,2.26,-3.55
196301,5.18,0.25,8.6,5.48,8.68,6.29,6.29,8.4
196302,-2.19,0.23,-1.53,-1.82,-0.66,-2.78,-0.67,-3.17
196303,3.29,0.23,1.36,3.97,3.66,1.84,3.58,2
196304,4.74,0.25,3.87,5.06,5.41,4.44,4.39,4.46
196305,2.01,0.24,3.35,2.35,4.57,1.95,3.56,3.19
196306,-1.8,0.23,-1.66,-1.37,-1.01,-1.91,-0.86,-2.05
196307,-0.17,0.27,-0.92,-0.48,-1.46,-0.52,-0.46,-1.45
196308,5.27,0.25,4.84,5.85,6.64,4.88,5.99,4.91
196309,-1.19,0.27,-1.79,-1.49,-1.82,-1.96,-2.01,-2.15
196310,2.77,0.29,1.79,2.39,2.32,2.49,4.05,0.91
196311,-0.55,0.27,-1.53,-0.41,-0.02,-1.55,-2.05,-1.29
196312,2.17,0.29,0.37,2.35,1.16,1.17,1.38,-0.31
196401,2.58,0.3,2.45,2.66,3.12,1.78,2.48,1.38
196402,1.72,0.26,2.59,2.55,4.34,1.5,2.31,2.07
196403,1.76,0.31,3.28,2.3,4,0.75,2.77,2.06
196404,0.46,0.29,-1.18,0.26,-1.09,-0.6,-0.14,0.46
196405,1.74,0.26,1.22,2.24,3,1.16,2.74,0.18
196406,1.51,0.3,1.56,1.77,2.13,1.58,1.61,1.13
196407,2.01,0.3,2.2,2.17,2.41,1.51,2.3,2.62
196408,-1.13,0.28,-1.03,-1.05,-1.23,-1.41,-1.05,-0.84
196409,3.05,0.28,3.43,3.94,4.78,2.91,3.59,3.97
196410,0.89,0.29,1.52,1.15,1.68,0.81,1.28,1.1
196411,0.31,0.29,-0.21,-0.73,-1.75,0.08,0.51,-0.59
196412,0.37,0.31,-0.67,-0.44,-1.8,0.76,-0.58,0.13
196501,3.86,0.28,6.54,3.95,5.75,5.24,4.31,5.62
196502,0.69,0.3,3.81,0.48,2.32,2.01,2.44,2.16
196503,-0.97,0.36,1.08,-0.68,1,-0.16,0.36,0.27
196504,3.37,0.31,4.39,3.12,4.17,3.49,5.53,2.99
196505,-0.44,0.31,-0.73,-0.81,-1.67,-0.26,-0.25,-0.78
196506,-5.19,0.35,-8.98,-4.91,-6.65,-7.02,-8.97,-5.84
196507,1.68,0.31,3.2,2.37,4.14,1.86,5.02,0.94
196508,3.09,0.33,5.54,2.73,3.8,4.82,6.07,3.5
196509,3.2,0.31,3.89,3.21,3.67,4.2,5.36,2.04
196510,2.93,0.31,5.99,3.41,5.91,4.6,6.43,2.99
196511,0.31,0.35,4.66,-0.16,2.17,2.31,4.85,0.43
196512,1.35,0.33,4.31,1.92,4.34,3.03,3.02,2.89
196601,1.21,0.38,5.66,1.76,5.6,2.08,6.83,1.44
196602,-0.86,0.35,3.65,-1.06,1.36,1.56,4.15,-0.39
196603,-2.09,0.38,-1.72,-2.77,-2.96,-1.02,-0.98,-2.33
196604,2.48,0.34,5.36,1.93,3.48,4.26,6.69,0.48
196605,-5.25,0.41,-9.97,-5.46,-8.6,-7.19,-9.83,-5.12
196606,-1.03,0.38,0.24,-0.81,-0.16,-0.69,1.54,-1.8
196607,-1.29,0.35,-1.47,-1.01,-0.73,-1.81,-2.01,-0.6
196608,-7.54,0.41,-10.49,-7.22,-8.98,-9.37,-10.19,-8.1
196609,-0.7,0.4,-1.53,-0.41,-1,-1.53,-2.47,-0.7
196610,4.23,0.45,-1.37,5.27,2.58,-0.29,-2.23,2.92
196611,1.75,0.4,4.86,0.6,0.89,5.36,6.86,1.13
196612,0.62,0.4,2.06,0.4,0.35,1.5,1.81,0.74
196701,8.55,0.43,17.15,8.78,14.77,12.9,10.77,17.53
196702,1.09,0.36,3.6,0.27,1.15,3.33,3.88,0.33
196703,4.34,0.39,6.08,4.3,5.3,5.18,6.05,4.62
196704,4.16,0.32,4.25,3.7,3.17,5.86,5.39,4.77
196705,-3.93,0.33,-1.59,-3.67,-2.38,-3.17,-2.55,-3.14
196706,2.69,0.27,8.54,2.72,6.39,5.37,8.91,2.87
196707,4.92,0.32,8.22,5.2,8.64,5.99,6.95,8.04
196708,-0.63,0.31,0.3,-0.21,0.75,-0.71,-1.14,0.29
196709,3.43,0.32,5.58,2.53,2.96,5.27,5.93,3.39
196710,-2.74,0.39,-2.12,-3.64,-4.57,-1.03,-0.01,-3.65
196711,0.79,0.36,0.66,0.43,-0.53,1.31,1.45,0.16
196712,3.37,0.33,8.79,3.24,6.18,6.29,7.27,4.03
196801,-3.63,0.4,1,-2.86,1.14,-3.61,-3.8,0.84
196802,-3.36,0.39,-5.73,-2.94,-4.24,-5.18,-6.39,-2.99
196803,0.51,0.38,-0.84,0.65,0.09,0.54,2.13,-1.06
196804,9.41,0.43,14.82,9.08,12.4,13.51,15.07,9.93
196805,2.7,0.45,8.99,2.56,6.99,6.26,7.99,4.26
196806,1.15,0.43,0.86,1.06,0.48,-0.29,0.07,1.98
196807,-2.2,0.48,-2.56,-1.24,0.35,-5.13,-3.64,-2.8
196808,1.8,0.42,3.95,1.71,3.51,2.57,3.58,1.7
196809,4.45,0.43,6.85,4.08,5.47,5.32,5.67,6.33
196810,0.9,0.44,1.04,1.42,2.26,-0.52,0.08,1.57
196811,5.85,0.42,7.77,5.51,6.22,6.93,8.28,6.61
196812,-3.39,0.43,-0.38,-3.81,-2.24,-2.23,-2.43,-2.54
196901,-0.67,0.53,-1.2,-0.43,-0.26,-1.77,-1.17,-1.01
196902,-5.36,0.46,-8.52,-4.73,-6.21,-7.07,-8.61,-6.13
196903,3.05,0.46,2.78,3.13,2.92,3.58,4.74,0.78
196904,2.05,0.53,1.4,2.17,2.18,2.13,2.23,1.06
196905,0.5,0.48,0.28,0.47,0.46,-0.19,0.78,-0.89
196906,-6.74,0.51,-11.41,-6.09,-8.86,-7.79,-10.01,-7.79
196907,-6.52,0.53,-9.29,-6.03,-6.68,-7.94,-8.05,-9.68
196908,5.15,0.5,5.36,4.59,3.16,6.99,7.1,4.96
196909,-2.26,0.62,-1.8,-2.98,-3.93,-0.63,-1.21,-3.7
196910,5.56,0.6,8.56,4.87,5.36,8.78,5.77,10.12
196911,-3.22,0.52,-5.68,-3.12,-5.03,-3.78,-2.58,-6.18
196912,-1.97,0.64,-5.55,-1.98,-5.46,-2.37,-2.03,-7.07
197001,-7.33,0.6,-4.48,-7.39,-4.08,-6.99,-6.55,-7.18
197002,5.67,0.62,4.15,6.53,7.14,3.33,4.99,4.88
197003,-0.47,0.57,-2.06,0.31,0.67,-3.62,-2.41,-2.13
197004,-10.53,0.5,-15.3,-9.16,-9.39,-15.7,-14.55,-13.85
197005,-6.43,0.53,-9.8,-5.42,-6.12,-9.38,-8.67,-5.98
197006,-5.11,0.58,-7.17,-5.11,-6.44,-6.98,-4.07,-9.86
197007,7.42,0.52,6.98,7.6,7.28,6.33,6.1,9.06
197008,5,0.53,6.65,5.05,6.33,5.21,3.51,10
197009,4.75,0.54,12.51,3.76,6.55,12.12,5.24,14.16
197010,-1.82,0.46,-5.78,-1.65,-3.37,-3.59,-0.3,-9.91
197011,5.04,0.46,1.7,5.69,4.44,2.84,4.8,1.93
197012,6.07,0.42,8.78,5.99,7.67,6.43,6.24,8.47
197101,5.2,0.38,11.97,4.55,8.94,7.5,6.13,12.71
197102,1.69,0.33,3.44,1.5,2.03,3.38,3.33,2.52
197103,4.48,0.3,6.2,3.67,3.34,7.17,5.04,6.25
197104,3.33,0.28,3.39,3.79,4.07,3.56,4.57,3.25
197105,-3.64,0.29,-4.9,-3.85,-4.73,-3.55,-4,-4.89
197106,0.31,0.37,-1.08,0.36,-1.07,0.88,1.22,-1.5
197107,-4.03,0.4,-5.63,-4.06,-5.1,-5.38,-6.26,-3.89
197108,4.25,0.47,4.81,4.59,6.69,4.8,6.2,2.69
197109,-0.5,0.37,-0.63,-1.02,-2.05,0.67,0.17,-1.92
197110,-4.07,0.37,-5.64,-3.91,-5.39,-4.94,-5.09,-5.55
197111,-0.13,0.37,-3.2,-0.43,-2.99,-1.06,-0.78,-2.25
197112,9.13,0.37,12.14,8.93,10.78,10.98,10.89,11.56
197201,2.84,0.29,8.83,2.62,7.78,5.8,5.66,5.42
197202,3.13,0.25,3.48,2.1,1.73,4.65,4.57,1.87
197203,0.87,0.27,0.18,0.39,-0.16,1.77,1.68,-1.24
197204,0.55,0.29,0.72,0.71,0.82,0.46,1.98,-0.89
197205,1.64,0.3,-1.98,0.83,-1.88,0.62,1.34,-1.83
197206,-2.09,0.29,-2.95,-3.1,-4.09,-2.29,-2.23,-4.17
197207,-0.43,0.31,-3.43,-0.53,-1.62,-2.19,-1.03,-3.78
197208,3.6,0.29,1.13,5.33,4.92,0.38,0.34,5.7
197209,-0.77,0.34,-3.14,-0.4,-1.55,-1.96,-1.29,-3.04
197210,0.87,0.4,-1.22,1.48,0.28,-0.96,-0.13,-0.85
197211,4.98,0.37,5.34,6.35,8.19,3.3,3.19,8.4
197212,1.12,0.37,-1.48,0.51,-1.38,0.87,1.94,-3.06
197301,-2.75,0.44,-5.61,-2.03,-2.52,-5.27,-3.5,-7.23
197302,-4.44,0.41,-8.25,-4.26,-5.34,-7.13,-6.68,-8.79
197303,-0.79,0.46,-2.73,0.17,0.03,-2.63,0.12,-3.51
197304,-5.18,0.52,-7.42,-3.26,-3.17,-8.93,-4.3,-10.66
197305,-2.45,0.51,-8.13,-2.04,-5.26,-5.32,-3.01,-10.1
197306,-0.86,0.51,-3.69,-0.67,-1.71,-3.15,-0.77,-5.09
197307,5.7,0.64,12.44,4.62,6.99,12.32,5.08,16.58
197308,-2.96,0.7,-4.4,-2.32,-2.49,-3.65,-2.66,-6.11
197309,5.39,0.68,9.69,6.76,8.78,6.69,5.96,13
197310,-0.04,0.65,-0.4,-0.12,0.48,-1.29,2.25,-4.5
197311,-12.07,0.56,-18.87,-11.14,-13.5,-17.63,-12.95,-21.6
197312,1.14,0.64,-2,3.26,2.19,-1.69,4.23,-6.07
197401,0.44,0.63,10.43,0.76,8.96,3.22,2.17,10.96
197402,0.24,0.58,0.82,0.74,1.98,-0.51,0.41,0.28
197403,-2.34,0.56,-0.28,-2.67,-1.11,-1.05,-2.39,-1.4
197404,-4.6,0.75,-5.19,-4.53,-3.94,-4.93,-4.73,-6.73
197405,-4.2,0.75,-7.2,-4.45,-6.6,-4.47,-6.85,-6.61
197406,-2.29,0.6,-2.32,-2.18,-1.93,-2.67,-1.66,-4.08
197407,-7.09,0.7,-4.67,-5.47,-2.85,-8.02,-4.58,-7.58
197408,-8.78,0.6,-8.37,-7.58,-7.22,-9.8,-7.08,-10.1
197409,-10.97,0.81,-8.62,-9.02,-7.22,-12.67,-7.55,-11.87
197410,16.56,0.51,9.96,13.39,7.85,17.97,14.46,14.98
197411,-4.1,0.54,-5.1,-3.7,-4.68,-4.55,-2.96,-5.19
197412,-2.7,0.7,-6.75,-1.97,-5.11,-5.08,-3.21,-6.15
197501,14.16,0.58,27.13,16.28,25.67,17.4,14.9,28.7
197502,5.84,0.43,4.47,4.3,2.84,7.36,4.92,5.5
197503,3.02,0.41,7.63,3.91,7.9,5.23,4.62,6.59
197504,4.65,0.44,4.33,4.79,4.83,6.27,5.5,4.04
197505,5.51,0.44,7.99,4.27,3.96,8.12,6.19,6.66
197506,5.15,0.41,7.01,6.17,7.14,5.52,6.21,6.15
197507,-6.04,0.48,-2.56,-5.21,-3.44,-5.08,-4.3,-4.74
197508,-2.36,0.48,-5.27,-2.04,-4.62,-3.5,-3.88,-3.73
197509,-3.8,0.53,-3.54,-3.6,-3.69,-4.02,-3.86,-4.2
197510,5.59,0.56,2.26,6.31,4.15,4.04,4.24,4.36
197511,3.12,0.41,2.48,3.63,4.02,2.15,2.37,2.83
197512,-1.1,0.48,-0.98,-0.03,0.24,-1.68,-1.16,-1.04
197601,12.6,0.47,19.42,14.52,21.43,12.97,17.51,13.04
197602,0.73,0.34,8.82,1.7,8.52,2.69,4.88,4.53
197603,2.68,0.4,1.41,2.88,1.99,2.09,1.89,1.71
197604,-1.04,0.42,-1.04,-0.93,-1.34,-1.28,-1.13,-1.64
197605,-0.94,0.37,-2.2,-0.95,-2.19,-0.71,-2.26,-1.14
197606,4.45,0.43,3.62,5.02,4.49,4.08,3.86,4.29
197607,-0.62,0.47,0.14,-0.16,0.6,-1.1,-0.86,-0.76
197608,-0.14,0.42,-2.06,0.05,-0.95,-1.98,-1.69,-0.83
197609,2.45,0.44,2.66,2.8,2.58,2.81,2.44,2.19
197610,-2.04,0.41,-2.1,-2.35,-2.81,-2.48,-2.71,-2.25
197611,0.54,0.4,3.57,1.33,3.07,1.4,3.54,0.61
197612,6.16,0.4,9.77,6.77,9.47,7.21,8.47,7.71
197701,-3.63,0.36,2.17,-2.69,1.5,-2.57,0.49,-3.47
197702,-1.58,0.35,-0.64,-1.72,-0.84,-1.47,-1.23,-1.61
197703,-0.92,0.38,0.5,-0.62,0.4,-0.69,-0.06,-0.55
197704,0.5,0.38,1.73,1.78,3.5,0.1,3.09,-1.15
197705,-1.08,0.37,0.09,-1.17,-0.34,-1.29,0.1,-1.93
197706,5.14,0.4,6.84,4.77,5.88,6.56,6.82,5.04
197707,-1.28,0.42,0.2,-1.92,-1.25,-0.73,-0.43,-0.76
197708,-1.34,0.44,-0.51,-2.09,-2.25,0.54,-1.55,0.2
197709,0.16,0.43,1.27,-0.03,0.07,0.4,1.4,-0.67
197710,-3.93,0.49,-2.52,-3.81,-2.38,-4.25,-3.49,-3.36
197711,4.54,0.5,7.95,4.23,6.49,6.25,7.56,5.33
197712,0.82,0.49,2.11,0.72,1.33,1.72,1.85,0.29
197801,-5.52,0.49,-2.83,-5.14,-2.22,-5.52,-4.81,-4.08
197802,-0.93,0.46,2.18,-1.39,0.34,-0.51,1.38,-0.53
197803,3.4,0.53,6.57,3.24,5.48,4.29,6.18,4.84
197804,8.28,0.54,8.04,7.77,6.84,10.43,9.36,8.52
197805,2.32,0.51,6.23,1.69,3.94,4.46,6.37,3.53
197806,-1.08,0.54,0.15,-1.51,-0.63,-1.18,1.02,-1.77
197807,5.67,0.56,5.82,5.58,5.68,6.91,8.54,4.31
197808,4.24,0.55,8.43,3.36,5.51,5.87,7.99,5.12
197809,-0.69,0.62,-0.91,-0.51,-0.31,-2.15,-2.76,0.39
197810,-11.1,0.68,-20.07,-10.15,-15,-16.51,-20.07,-11.68
197811,3.38,0.7,6.11,3,3.59,5.93,8.16,2.68
197812,1.77,0.78,2.32,1.04,0.78,2.99,2.95,-0.1
197901,4.95,0.77,8.6,5.06,8.07,5.98,6.56,7.82
197902,-2.68,0.73,-2.5,-2.96,-2.38,-3.53,-3.37,-2.29
197903,6.56,0.81,9.41,6.28,7.93,8.56,9.62,6.71
197904,0.85,0.8,2.64,0.48,2.02,0.89,2.07,1.25
197905,-1.36,0.82,-1.26,-1.52,-1.02,-2.21,-1.58,-1.21
197906,4.69,0.81,5.91,4.75,5.91,4.49,5.45,4.61
197907,1.5,0.77,3.03,1.74,3.08,1.19,1.55,2.62
197908,6.47,0.77,7.84,5.91,6.41,7.86,7.74,7.98
197909,0.14,0.83,-0.51,-0.14,-0.9,0.03,2.59,-2.74
197910,-7.27,0.87,-10.42,-7,-9.84,-7.92,-7.39,-9.54
197911,6.36,0.99,8.06,5.43,5.47,8.57,11.63,3.68
197912,2.82,0.95,6.19,2.03,3.57,5.65,7.05,2.29
198001,6.56,0.8,8.06,6.32,8.08,6.47,11.25,3.78
198002,0.1,0.89,-1.94,-0.12,-0.99,-1.65,3.49,-4.41
198003,-12.02,1.21,-17.47,-11,-15.25,-14.18,-18.89,-9.28
198004,5.23,1.26,6.09,5.23,6.01,4.95,6.14,6.57
198005,6.01,0.81,8,5.83,7.14,6.9,6.29,7.42
198006,3.77,0.61,4.63,3.04,3.36,4.38,5.29,3.7
198007,6.94,0.53,10.03,5.81,5.08,11.31,9.49,9.13
198008,2.36,0.64,5.74,1.8,2.7,5.43,5.91,2.71
198009,2.95,0.75,3.03,2.17,0.1,4.39,5.95,0.51
198010,2.01,0.95,3.75,1.31,1.11,3.66,6.17,-1.17
198011,10.5,0.96,6.49,10.14,4.23,11.79,16.15,0.94
198012,-3.44,1.31,-2.79,-2.69,-1.42,-3.53,-6.08,0.56
198101,-4.01,1.04,-0.26,-3.36,1.71,-4.82,-6.24,1.68
198102,1.55,1.07,1.55,1.79,2,1.03,0.61,2
198103,4.62,1.21,7.74,4,6.1,5.89,6.8,6.02
198104,-1.13,1.08,3.17,-1.14,2.34,0.02,-0.08,0.88
198105,1.36,1.15,3.08,1.05,2.22,2.79,4.15,0.42
198106,-1.02,1.35,-1.2,-0.25,0.89,-4.51,-4.53,1.37
198107,-0.31,1.24,-2.18,-0.05,-1.29,-0.58,-1.99,0.54
198108,-5.63,1.28,-6.86,-4.93,-3.63,-8.43,-6.95,-5.83
198109,-6.38,1.24,-7.37,-4.5,-3.12,-8.28,-6.11,-8.04
198110,6.02,1.21,7.67,5.42,5.1,9.18,8.76,4.7
198111,4.58,1.07,3.37,4.47,4.44,2.4,3.3,3.55
198112,-2.81,0.87,-1.55,-2.75,-1.9,-2.73,-2.06,-3.37
198201,-2.62,0.8,-3.04,-1.73,-0.18,-3.35,-1.99,-3.7
198202,-5.11,0.92,-3.67,-4.27,-1.34,-7.31,-2.61,-7.55
198203,-1.01,0.98,-0.43,-0.19,1.8,-2.12,0.52,-2.47
198204,4.33,1.13,5.47,3.92,3.36,6.17,4.78,5.19
198205,-2.82,1.06,-2.19,-2.66,-1.62,-3.48,-2.22,-4.76
198206,-2.39,0.96,-2.18,-1.8,-1.49,-3.05,-0.38,-5.38
198207,-2.05,1.05,-1.28,-2.18,-1.3,-1.6,0.18,-4.3
198208,11.9,0.76,8.17,12.47,10.48,9.61,9.3,12.82
198209,1.68,0.51,4.25,1.34,2.71,2.31,4.25,0.07
198210,11.86,0.59,13.42,11.18,10.39,14.33,13.16,13.12
198211,5.19,0.63,9.14,4.42,6.38,8.5,8.92,3.03
198212,1.45,0.67,1.18,1.26,1.27,1.19,1.57,1.54
198301,4.19,0.69,6.68,4.02,5.53,6.18,5.14,6.82
198302,3.02,0.62,5.78,2.78,4.47,3.93,5.77,1.97
198303,3.47,0.63,5.18,3.21,4.64,2.56,4.51,3.59
198304,7.42,0.71,7.81,7.33,7.38,6.82,8.92,7.11
198305,1.32,0.69,6.23,-0.06,2.65,3.94,3.79,5.27
198306,3.78,0.67,4.26,3.14,1.6,5.5,5.53,3.75
198307,-3.16,0.74,-1.88,-3.02,-0.06,-5.58,-4.59,-1.46
198308,0.35,0.76,-2.62,1.66,2.31,-2.83,-4.34,1.1
198309,1.61,0.76,2.29,1.58,2.23,1.68,1.2,1.31
198310,-2.8,0.76,-5.37,-1.58,-1.36,-6.26,-6.92,-2.36
198311,2.96,0.7,5.3,2.4,3.29,4.5,2.89,3
198312,-1.05,0.73,-1.52,-0.84,-0.36,-2.11,-0.76,-1.54
198401,-1.3,0.76,-0.89,-0.34,3,-4.86,-2.91,-0.39
198402,-3.91,0.71,-5.17,-3.46,-2.42,-5.82,-4.92,-5.09
198403,1.34,0.73,1.31,1.21,1.45,0.84,1.45,0.35
198404,0.25,0.81,-0.31,0.78,0.88,-0.35,0.82,-1.26
198405,-5.23,0.78,-5.23,-5.14,-5.11,-5.55,-4.55,-6.08
198406,2.34,0.75,2.83,2.78,1.66,4.89,2.05,2.74
198407,-2.06,0.82,-4.36,-1.71,-3.13,-3.33,-1.91,-4.84
198408,11.27,0.83,11.85,11.31,10.94,12.73,8.65,14.38
198409,0.04,0.86,0.01,0.16,2.59,-2.61,1.88,-1.78
198410,-0.01,1,-0.86,0.35,-0.28,-0.62,0.87,-2.36
198411,-1.07,0.73,-1.86,-0.84,0.32,-3.45,-0.99,-2.69
198412,2.37,0.64,1.98,2.52,2.14,2.46,2.53,1.03
198501,8.57,0.65,11.49,7.92,7.33,12.46,7.13,14.06
198502,1.69,0.58,2.07,1.72,1.86,1.78,2.71,0.9
198503,-0.17,0.62,-1.38,0.03,1.79,-2.53,0.11,-1.58
198504,-0.22,0.72,-0.59,-0.22,1.64,-2.02,0.66,-2.4
198505,5.58,0.66,3.87,6.09,4.17,5.33,5.91,1.94
198506,1.71,0.55,2.12,1.56,2.12,1.49,3.55,-0.09
198507,-0.03,0.62,2.19,-0.74,-0.22,1.67,-0.55,3.38
198508,-0.48,0.55,-0.63,-0.23,0.42,-1.78,0.24,-1.55
198509,-3.98,0.6,-5.38,-3.66,-4.45,-5.48,-4.26,-5.74
198510,4.44,0.65,3.41,5.02,4.4,3.71,6.04,1.16
198511,6.92,0.61,7.15,6.84,5.66,8.53,7.08,7.47
198512,4.31,0.65,4.21,4.62,3.9,5.42,4.23,4.36
198601,0.98,0.56,1.99,0.97,1.98,1.39,3.45,0.48
198602,7.25,0.53,7.31,7.71,7.1,7.57,8.67,5.91
198603,5.39,0.6,4.83,5.48,4.9,5.14,6.12,3.66
198604,-0.79,0.52,1.26,-1.45,-1.41,1.41,0.17,0.67
198605,5.08,0.49,3.87,5.36,4.07,4.31,6.15,4.12
198606,1.42,0.52,0.67,1.9,2.18,0.65,3.31,-1.85
198607,-5.97,0.52,-8.56,-4.95,-4.29,-8.97,-6.95,-8.75
198608,6.62,0.46,3.63,7.56,7.03,3.69,3.59,8.61
198609,-7.9,0.45,-5.84,-8.31,-5.92,-9.27,-9.56,-3.7
198610,4.93,0.46,3.21,5.48,3.73,5.21,5.57,2.86
198611,1.51,0.39,-0.14,1.96,0.89,0.98,0.23,0.54
198612,-2.64,0.49,-2.52,-2.76,-2.43,-2.73,-3.03,-3.4
198701,12.85,0.42,11.07,12.75,10.23,13.37,13.34,11.26
198702,4.79,0.43,7.14,3.64,2.51,8.47,5.44,7.6
198703,2.37,0.47,2.54,2.12,3.07,1.34,3.02,1.42
198704,-1.7,0.44,-3.14,-1.43,-2.58,-2.29,-1.33,-1.59
198705,0.51,0.38,0.12,0.59,0.66,0.56,0.02,0.71
198706,4.37,0.48,2.79,4.85,4.03,3.21,3.49,3.7
198707,4.42,0.46,3.75,4.22,4.69,3.9,5.16,2.46
198708,3.71,0.47,3.3,3.95,2.79,3.98,3.43,4.32
198709,-2.08,0.45,-1.8,-2.29,-2.14,-2.2,-1.42,-2.03
198710,-22.54,0.6,-29.32,-20.92,-23.66,-27.77,-27.91,-19.99
198711,-7.23,0.35,-4.88,-7.41,-4.77,-7.85,-6.66,-5.49
198712,7.03,0.39,7.23,6.78,4.72,9.51,9.73,3.94
198801,4.49,0.29,4.52,5.23,7.32,2.18,1.84,9.47
198802,5.17,0.46,8.01,4.48,5.31,7.05,6.44,7.98
198803,-1.66,0.44,3.81,-2.52,1.18,0.45,1.16,0.53
198804,1.1,0.46,1.86,0.91,1.83,0.4,2.27,0.02
198805,0.04,0.51,-1.74,0.95,0.88,-1.47,-0.45,-0.95
198806,5.15,0.49,6.9,4.86,4.96,6.38,5.15,8.06
198807,-0.73,0.51,-0.87,-0.55,0.14,-2.1,-0.54,-1.18
198808,-2.8,0.59,-2.4,-2.49,-1.45,-3.48,-2.59,-2.91
198809,3.72,0.62,2.86,4,3.18,3.96,3.26,3.02
198810,1.76,0.61,-0.37,2.37,1.87,0.16,1.09,-0.23
198811,-1.64,0.57,-2.86,-1.32,-1.5,-2.63,-2.34,-2.75
198812,2.11,0.63,3.74,1.71,1.96,3.56,2.95,2.67
198901,6.61,0.55,4.63,6.84,6.1,5.6,6.21,6.35
198902,-1.64,0.61,0.83,-1.94,-0.12,-0.88,0.22,-0.66
198903,2.15,0.67,2.97,2.19,2.93,2.56,3.87,0.31
198904,4.82,0.67,4.42,4.84,3.93,5.48,5.54,3.84
198905,3.93,0.79,4.06,4.13,3.75,4.79,4.6,3.05
198906,-0.49,0.71,-1.36,-0.32,-0.01,-1.96,-1.09,-1.74
198907,7.71,0.7,3.96,7.99,4.65,7.7,8.45,3.06
198908,2.21,0.74,2.66,2.21,2.61,1.92,2.45,2.59
198909,-0.15,0.65,0.33,-0.16,-0.36,1.08,1.6,-1.8
198910,-2.93,0.68,-5.62,-2.51,-4.06,-3.22,-4.07,-5.5
198911,1.78,0.69,0.49,1.69,0.34,1.64,1.58,-1
198912,1.83,0.61,-0.08,2.23,1.21,1.01,1.46,-1.33
199001,-7.01,0.57,-8.36,-6.88,-7.55,-8.31,-9.22,-5.86
199002,1.49,0.57,2.76,1.68,2.32,1.91,2.6,3.13
199003,2.41,0.64,3.42,2.07,1.4,4.24,3.92,2.24
199004,-2.83,0.69,-3.36,-2.98,-4.47,-1.83,-2.38,-4.85
199005,8.89,0.68,6.28,8.99,5.83,9.6,9.89,6.87
199006,-0.42,0.63,0.37,-0.93,-0.96,1.24,0.36,-2.06
199007,-0.94,0.68,-4.14,-0.95,-2.91,-2.97,-1.21,-7.16
199008,-9.19,0.66,-12.72,-9.14,-10.61,-12.07,-10.83,-12.62
199009,-5.38,0.6,-8.96,-5.28,-7.36,-7.98,-6.57,-12.1
199010,-1.25,0.68,-5.89,-0.27,-2.56,-2.88,-1.81,-8.54
199011,6.57,0.57,6.98,6.47,5.02,8.33,6.18,11.86
199012,2.95,0.6,3.65,2.72,2.39,4.2,3.27,3.26
199101,4.91,0.52,8.5,4.61,6.05,7.86,5.69,12.21
199102,7.58,0.48,11.13,7.16,9.21,9.77,8.95,13.79
199103,2.89,0.44,6.59,2.64,4.64,5.88,6.18,3.45
199104,0.33,0.53,0.7,0.33,1.05,-0.65,-0.09,2.33
199105,4.07,0.47,3.94,4.31,3.99,4.51,4.59,4.71
199106,-4.4,0.42,-4.22,-4.28,-3.98,-5,-4.63,-5.03
199107,4.68,0.49,3.8,4.53,3.61,5.14,6.82,2.48
199108,2.68,0.46,4.06,2.32,3.09,4.08,4.61,3.02
199109,-1.1,0.46,0.24,-1.34,-1.45,-0.57,0.23,-1.52
199110,1.78,0.42,2.7,1.67,1.88,2.48,3.38,0.17
199111,-3.73,0.39,-5.09,-4.24,-5.76,-4.07,-4.04,-5.31
199112,10.68,0.38,8.42,10.41,8.36,12.7,13.32,5.02
199201,-0.12,0.34,8.26,0.07,7.31,2.35,3.7,6.17
199202,1.34,0.28,3.52,2.68,6.96,0.59,2.21,2.87
199203,-2.37,0.34,-2.97,-1.7,-1.09,-4.66,-3.43,-3.08
199204,1.34,0.32,-2.9,3.07,1.56,-2.7,-2.28,0.33
199205,0.64,0.28,0.79,0.52,1.19,0.09,1.27,1.16
199206,-1.93,0.32,-3.95,-0.94,-1.02,-4.15,-3.91,-3.31
199207,3.99,0.31,3.42,3.66,2.94,3.7,4.17,2.75
199208,-2.08,0.26,-2.74,-2.71,-3.76,-2.6,-3.06,-2.55
199209,1.24,0.26,1.92,1.26,1.37,1.72,2.09,0.65
199210,1.1,0.23,2.99,0.83,1.39,3.47,3.33,0.59
199211,4.02,0.23,7.64,3.87,5.53,7.31,6.21,6.53
199212,1.78,0.28,3.8,2.05,4.12,1.79,3.87,-0.6
199301,1.26,0.23,4.01,2.05,5.89,-0.03,4.46,-0.37
199302,0.54,0.22,-1.11,1.69,2.14,-3.41,0.02,-3.1
199303,2.51,0.25,2.73,2.38,2.88,2.07,4.56,0.81
199304,-2.54,0.24,-3.01,-2.21,-1.56,-4.27,-3.13,-3.46
199305,2.96,0.22,4.32,2.36,2.27,5.18,4.87,4.58
199306,0.54,0.25,0.35,0.72,1.28,-0.29,2.64,-1.95
199307,-0.08,0.24,1.15,-0.11,1.44,-1,1.81,-1.43
199308,3.95,0.25,4.02,3.9,3.75,4.55,5.83,3.25
199309,0.06,0.26,2.86,-0.56,0.19,1.85,2.83,-0.49
199310,1.81,0.22,3.01,1.25,2.57,3.02,1.71,4.41
199311,-1.76,0.25,-2.48,-1.31,-1.09,-2.27,-3.95,0.77
199312,1.95,0.23,2.95,1.9,2.54,2.33,3.08,0.71
199401,3.15,0.25,3.7,2.86,3.6,2.36,3.61,3.52
199402,-2.42,0.21,-0.46,-3.01,-2.63,-1.17,-1.73,-1.46
199403,-4.58,0.27,-5.05,-4.31,-4.26,-5.56,-5.66,-4.34
199404,0.95,0.27,-0.25,1.25,1.22,-0.69,0.16,-0.23
199405,0.94,0.32,-0.84,0.7,-0.12,-0.92,-1.19,1.03
199406,-2.79,0.31,-2.51,-2.64,-1.59,-4.25,-3.47,-2.64
199407,3.06,0.28,1.86,3.43,3.54,2.44,2.23,2.05
199408,4.26,0.37,5.53,3.87,3.48,6.64,6.22,4.68
199409,-1.84,0.37,0.19,-2.66,-2.12,0.12,-0.28,-1.58
199410,1.45,0.38,-0.37,1.96,0.12,1.97,1.64,0.16
199411,-3.72,0.37,-3.57,-3.34,-2.93,-3.18,-3.57,-3.38
199412,1.26,0.44,1.42,1.11,0.78,1.63,2.38,-1.14
199501,2.04,0.42,0.33,3.07,3.69,0.46,0.39,2.21
199502,3.96,0.4,3.7,4.02,3.84,3.84,3.73,4.06
199503,2.7,0.46,1.9,2.1,0.4,3.25,2.78,2.4
199504,2.5,0.44,2.69,2.84,3.45,2.01,2.99,1.15
199505,3.4,0.54,1.74,4.28,4.09,2.37,2.69,3.12
199506,3.12,0.47,5.29,2.36,2.57,5.8,6.54,3.62
199507,4.08,0.45,5.84,3.48,3.11,6.28,6.49,3.92
199508,0.93,0.47,2.89,1.18,2.74,1.16,1.69,1.72
199509,3.64,0.43,2.08,3.79,2.53,3.8,3.73,1.1
199510,-1.13,0.47,-4.99,-1.07,-3.38,-2.56,-2.05,-6.19
199511,4.27,0.42,3.5,4.33,3.37,3.83,3.95,4.55
199512,1.52,0.49,2.18,1.84,2.47,1.46,2.36,-0.21
199601,2.81,0.43,0.6,2.86,1.84,1.8,1.95,1.4
199602,1.63,0.39,3.12,1.1,0.66,3.02,3.19,2.61
199603,1.09,0.39,2.67,1.34,2.55,1.2,1.36,3.25
199604,2.55,0.46,6.43,1.37,1.73,6.45,5.23,6.15
199605,2.68,0.42,4.81,2.11,2.78,4.96,4.78,3.23
199606,-0.83,0.4,-3.85,-0.11,-0.76,-3.37,-2.53,-3.47
199607,-5.38,0.45,-8.56,-5,-5.35,-9.62,-8.11,-7.97
199608,3.25,0.41,5.61,3.01,3.61,4.8,4.65,4.77
199609,5.3,0.44,3.52,4.49,2.18,6.03,5.92,3.21
199610,1.36,0.42,-1.49,2.35,1.78,-1.92,0.22,-3.61
199611,6.55,0.41,3.42,6.86,4.73,3.84,4.02,6.41
199612,-1.14,0.46,1.94,-1.32,0.49,-0.02,0.4,-0.21
199701,5.34,0.45,3.72,4.61,2.79,5.15,5.74,3.79
199702,-0.11,0.39,-2.1,0.78,1.28,-3.58,-3.18,-1.16
199703,-4.48,0.43,-5.11,-4.2,-3.35,-6.74,-4.51,-5.49
199704,4.23,0.43,-1.37,3.98,0.88,1.83,3.61,-1.21
199705,7.16,0.49,12.32,6.45,7.88,11.42,8.68,13.88
199706,4.41,0.37,5.89,3.9,4.48,5.46,6.19,3.52
199707,7.65,0.43,5.59,7.73,6.35,7.13,8.26,4.42
199708,-3.63,0.41,3.44,-3.32,0.92,-0.96,-1.13,1.4
199709,5.84,0.44,8.24,5.38,6.21,7.27,7.78,6.32
199710,-3.45,0.42,-3.63,-2.92,-1.91,-4.8,-4.22,-3.78
199711,3.05,0.39,-1.27,3.72,1.76,0.88,0.68,0.39
199712,1.78,0.48,0.71,2.86,3.47,0.11,2.2,-1.65
199801,0.45,0.43,-0.61,-0.37,-0.91,1.05,0.03,-0.06
199802,7.32,0.39,7.21,7.35,6.37,7.65,7.23,8.33
199803,5.13,0.39,4.5,5.45,5.29,4.84,5.83,3.69
199804,1.09,0.43,1.49,1.04,0.95,0.75,2.04,1.26
199805,-2.58,0.4,-5.25,-1.65,-1.73,-4.8,-3.56,-5.43
199806,3.2,0.41,-1.39,2.68,-0.72,3.15,4.32,-2.95
199807,-2.33,0.4,-7.33,-2.92,-6.21,-3.7,-2.8,-6.49
199808,-15.77,0.43,-20.05,-13.55,-13.13,-19.66,-17.63,-19.53
199809,6.38,0.46,5.88,6.35,4.53,8.33,7.66,8.27
199810,7.44,0.32,4.92,7.03,5.91,5.82,4.65,10
199811,6.2,0.31,6.77,5.31,4.24,8.29,6.94,5.76
199812,6.31,0.38,4.34,3.52,0.49,9.04,8.27,-0.77
199901,3.83,0.35,2.34,1.13,0.65,5.09,4.15,1.12
199902,-3.81,0.35,-8.01,-2.97,-6.05,-6.5,-5.81,-5.68
199903,3.79,0.43,-0.79,3.43,0.33,2.54,1.86,3.22
199904,4.9,0.37,8.96,8.3,11.52,4.4,5.25,14.39
199905,-2.07,0.34,3.87,0.39,4.93,-0.04,-0.22,5.04
199906,5.1,0.4,5.59,2.18,1.68,6.34,7.86,2.9
199907,-3.06,0.38,-0.84,-3.27,-2.03,-1.92,-1.44,-3.05
199908,-1,0.39,-3.23,-1.73,-2.85,-1.51,-0.71,-3.78
199909,-2.29,0.39,-0.98,-3.84,-4.29,-0.28,0.47,-6.03
199910,6.2,0.39,-1.26,5.37,-0.18,4.81,4.31,-1.17
199911,3.68,0.36,7.51,-0.06,-0.95,9.71,9.27,3.7
199912,8.37,0.44,8.98,3.21,1.23,14.74,14.88,1.68
200001,-3.96,0.41,-0.37,-3.51,-1.77,-0.88,-1,-2.9
200002,3.18,0.43,10.52,-4.11,-5.16,15.63,16.89,-1.52
200003,5.35,0.47,-1.82,9.79,5.57,-1.6,1.63,8.48
200004,-5.95,0.46,-6.11,-0.81,3.39,-11.53,-9.57,-1.1
200005,-3.9,0.5,-4.48,0.02,0.87,-6.62,-7.77,1.33
200006,5.16,0.4,6.86,-1.6,-3.16,11.81,14.55,-2.01
200007,-1.71,0.48,-1.27,1.18,3.5,-5.28,-3.15,-3.07
200008,7.58,0.5,6.11,7.27,5.94,8.01,11.01,5.24
200009,-5.11,0.51,-2.66,-2.54,-0.93,-5.5,-5.43,-7.6
200010,-2.46,0.56,-5.9,-1.37,-2.15,-6.38,-6.53,-1.83
200011,-10.25,0.51,-9.93,-7.93,-6.95,-13.9,-14.11,-11.62
200012,2.03,0.5,4.94,4.24,4.61,1.08,5.96,-0.88
200101,3.95,0.54,16.25,7.53,19.68,6.26,-0.54,24.47
200102,-9.93,0.39,-9.59,-7.67,-6.82,-12.51,-3.7,-16.26
200103,-7.03,0.44,-5.6,-5.03,-4.89,-8.07,-2.37,-10.77
200104,8.39,0.39,9.53,7.8,7.03,10.53,5.59,13.71
200105,1.06,0.32,5.91,0.95,4.48,3.37,4.03,1.89
200106,-1.75,0.28,4.27,-2.3,0.4,1.06,1.62,1.32
200107,-1.83,0.3,-4.9,-1.58,-3.03,-4.84,-0.73,-6.31
200108,-5.91,0.31,-3.58,-5.54,-3.89,-6.37,-3.01,-8.61
200109,-9.15,0.28,-14.95,-9.2,-12.35,-11.92,-7.58,-19.13
200110,2.8,0.22,10.25,1.01,4.82,7,2.47,10.89
200111,7.87,0.17,9.82,8.2,11.11,7.82,5.12,13.74
200112,1.78,0.15,7.23,1.37,4.55,3.41,4.44,4.43
200201,-1.6,0.14,-1.03,-2.84,-2.76,-1.93,-0.16,-3.89
200202,-2.17,0.13,-3.83,-1.97,-2.45,-5.43,-0.87,-7.68
200203,4.47,0.13,9.36,4.63,7.6,5.85,6.28,7.96
200204,-4.97,0.15,-0.51,-5.04,-3.17,-5.18,0.25,-7.68
200205,-1.05,0.14,-4.44,-0.92,-3.22,-3.33,-1.83,-4.87
200206,-7.03,0.13,-4.73,-8.59,-7.96,-6.83,-3.43,-9.62
200207,-8.11,0.15,-14.93,-9.61,-14.73,-10.19,-9.92,-13.32
200208,0.8,0.14,-0.18,1.45,1.41,0.56,0.89,-0.84
200209,-10,0.14,-7.89,-11.06,-10.78,-8.33,-5.17,-14.31
200210,7.49,0.14,4.47,7.85,5.63,6.11,4.5,9.99
200211,6.13,0.12,12.24,7.98,16.54,6.22,1.07,17.37
200212,-5.33,0.11,-6.52,-5.91,-7.66,-5.55,-1.14,-10.78
200301,-2.34,0.1,-2.12,-2.88,-3.23,-2.16,-1.31,-2.87
200302,-1.54,0.09,-3.5,-2.47,-4.08,-2.19,-1.65,-2.87
200303,1.03,0.1,1.12,0.79,0.43,2.16,1.93,0.42
200304,8.28,0.1,11.35,9.06,12.56,8.48,6.2,15.64
200305,6.35,0.09,12.6,7.38,12.88,7.42,5.74,16.51
200306,1.63,0.1,3.35,1.37,3.11,2.36,2.32,3.29
200307,2.31,0.07,6.42,1.79,3.17,4.85,5.15,5.44
200308,2.5,0.07,5.18,2.34,4.93,3.52,3.76,4.3
200309,-0.91,0.08,-0.94,-1.57,-0.9,-1.15,-0.97,-0.9
200310,6.03,0.07,8.51,5.84,6.44,6.87,9.86,5.98
200311,1.66,0.07,3.67,1.29,2.9,2.04,3.42,1.83
200312,4.55,0.08,3.4,5.77,7.2,2.1,0.9,6.59
200401,2.3,0.07,4.58,1.93,2.8,3.43,4.59,2.01
200402,1.55,0.06,0.76,1.77,1.4,0.23,0.3,1.43
200403,-1.07,0.09,0.79,-0.95,0.67,-1.02,-0.38,-0.56
200404,-2.42,0.08,-3.63,-1.49,-1.35,-2.97,-5.9,-0.52
200405,1.41,0.06,0.82,0.96,-0.06,1.48,1.95,0.3
200406,2.16,0.08,4.33,1.86,4.05,2.22,4.26,2.18
200407,-3.77,0.1,-6.57,-2.85,-3.43,-6.61,-7.35,-5.03
200408,0.27,0.11,-0.81,0.51,0.34,-1.36,-1.51,0.02
200409,2.05,0.11,4.71,1.76,2.82,3.25,6.57,1.31
200410,1.78,0.11,2.07,1.82,2.29,1.62,1.2,2.7
200411,4.82,0.15,8.8,4.73,7.49,5.93,8.44,5.23
200412,3.52,0.16,3.82,3.49,4.11,3.69,2.27,5.11
200501,-2.66,0.16,-3.83,-2.28,-2.96,-3.33,-2.07,-5.2
200502,2.27,0.16,1.75,2.41,2.15,1.18,3.81,0.57
200503,-1.69,0.21,-2.65,-1.35,-0.94,-2.76,-1.92,-2.83
200504,-2.52,0.21,-6.05,-1.84,-4.09,-3.81,-5.1,-4.26
200505,3.8,0.24,6.38,3.46,4.45,5.5,5.65,5.22
200506,1.15,0.23,3.91,0.89,2.74,1.71,3.57,1.51
200507,4.33,0.24,6.61,4,5.69,5.68,5.61,5.57
200508,-0.59,0.3,-1.54,-0.74,-1.18,-1.48,0.31,-1.9
200509,1.06,0.29,0.49,1.14,0.85,0.37,2.61,-0.87
200510,-2.08,0.27,-3.09,-1.56,-2.2,-2.75,-3.06,-1.77
200511,4.04,0.31,4.33,3.73,3.6,4.75,4.54,4.18
200512,0.35,0.32,-0.16,0.13,0,-0.29,0.57,-0.19
200601,4,0.35,8.39,2.8,5.11,6,8.27,5.52
200602,-0.16,0.34,-0.33,0.18,-0.08,-0.29,-1.59,0.22
200603,1.91,0.37,4.42,1.37,2.49,2.86,4.01,2.79
200604,1.3,0.36,0.44,1.57,1.86,-0.16,0.96,0.31
200605,-3.1,0.43,-4.72,-2.72,-2.27,-5.05,-6.27,-2.55
200606,-0.04,0.4,-0.48,0.33,0.45,-0.47,0.03,-1.45
200607,-0.19,0.4,-3.22,0.32,-0.26,-3.59,-3.88,-1.7
200608,2.51,0.42,2.87,2.16,2.24,2.74,0.86,4.32
200609,1.94,0.41,0.85,2.35,1.48,1.7,1.41,2.35
200610,3.71,0.41,5.65,3.6,4.8,4.66,4.9,5.13
200611,2.37,0.42,2.88,2.32,2.98,2.01,2.45,3.46
200612,1.08,0.4,0.56,1.5,1.71,0.06,0.87,0.05
200701,1.94,0.44,1.55,1.9,1.65,2.08,2.27,2.01
200702,-1.4,0.38,-0.38,-1.49,-0.57,-1.26,-1.66,-0.34
200703,1.3,0.43,1.09,1.16,0.78,1.41,2.37,-0.13
200704,3.99,0.44,2.15,4.22,3.04,3.75,3.43,3.6
200705,3.89,0.41,3.83,3.72,3.83,3.87,3.5,3.82
200706,-1.47,0.4,-1.06,-1.82,-2.42,-0.89,-1.18,-1.43
200707,-3.17,0.4,-6.14,-3.52,-7.04,-2.66,-3.23,-6.01
200708,1.17,0.42,0.82,0.98,-0.11,1.48,1.64,1.53
200709,4.09,0.32,1.13,3.37,0.85,4.14,5.26,0.65
200710,2.58,0.32,1.61,1.2,-1.2,3.51,3.95,-0.95
200711,-4.93,0.34,-7.3,-4.83,-6.96,-5.19,-6.17,-7.05
200712,-0.43,0.27,-0.58,-1.19,-2.68,0.45,1.72,-4.8
200801,-6.23,0.21,-5.94,-4.65,-1.01,-9.19,-10.03,-2.19
200802,-2.2,0.13,-4.04,-4.1,-7.01,-2.74,-1.55,-7.7
200803,-1.04,0.17,-0.78,-1.53,-2.07,-0.96,-0.42,-4.56
200804,5.11,0.17,3.08,5.53,4.03,4.39,5.47,5.68
200805,2.39,0.17,4.17,0.93,-0.3,3.96,3.9,0.7
200806,-7.86,0.17,-10.08,-9.99,-15.23,-6.48,-4.65,-17.17
200807,-1.32,0.15,3.2,0.71,5.64,-0.55,-1,4.15
200808,1.11,0.12,4.49,1.2,3.85,1.58,0.36,4.17
200809,-9.81,0.15,-8.64,-8.84,-7.33,-10.59,-10.77,-11.16
200810,-18.46,0.08,-21.65,-18.78,-24.99,-17.47,-16.97,-24.78
200811,-8.53,0.02,-13.09,-8.82,-14.63,-8.9,-8.61,-15.79
200812,2.15,0.09,4.54,1.66,3.35,3.4,2.13,7.16
200901,-7.75,0,-9.22,-10.12,-12.8,-7.38,-9.85,-7.93
200902,-10.11,0.01,-12.87,-12.04,-16.92,-8.65,-10.28,-14.52
200903,8.77,0.01,11.01,10.08,13.43,8.36,6.58,18.09
200904,11.05,0.01,24.03,13.4,30.28,10.56,5.53,40.29
200905,6.73,0,5.98,7.5,11.15,3.88,2.22,14.7
200906,-0.28,0,1.61,-0.42,-1.57,3.18,2.14,-3.24
200907,8.25,0.01,10.43,8.01,10.97,7.54,7.11,12.62
200908,3.2,0.01,3.71,4.81,8.59,1.25,0.94,9.82
200909,4.52,0,6.77,3.91,5.79,5.21,4.04,9.01
200910,-2.84,0,-6.87,-2.73,-5.73,-4.03,-4.83,-7.48
200911,5.74,0,2.6,5.72,4.39,4.49,4.66,4.24
200912,2.92,0,8.06,2.36,5.2,5.36,7.03,4.09